<?xml version="1.0" encoding="UTF-8"?>

<mule xmlns:http="http://www.mulesoft.org/schema/mule/http" xmlns:jms="http://www.mulesoft.org/schema/mule/jms" xmlns:tracking="http://www.mulesoft.org/schema/mule/ee/tracking" xmlns="http://www.mulesoft.org/schema/mule/core" xmlns:doc="http://www.mulesoft.org/schema/mule/documentation"
	xmlns:spring="http://www.springframework.org/schema/beans" 
	xmlns:xsi="http://www.w3.org/2001/XMLSchema-instance"
	xsi:schemaLocation="http://www.springframework.org/schema/beans http://www.springframework.org/schema/beans/spring-beans-current.xsd
http://www.mulesoft.org/schema/mule/core http://www.mulesoft.org/schema/mule/core/current/mule.xsd
http://www.mulesoft.org/schema/mule/http http://www.mulesoft.org/schema/mule/http/current/mule-http.xsd
http://www.mulesoft.org/schema/mule/jms http://www.mulesoft.org/schema/mule/jms/current/mule-jms.xsd
http://www.mulesoft.org/schema/mule/ee/tracking http://www.mulesoft.org/schema/mule/ee/tracking/current/mule-tracking-ee.xsd">
    <http:request-config name="HTTP_Request_Configuration" host="localhost" port="8569" doc:name="HTTP Request Configuration"/>
    <jms:activemq-connector name="Active_MQ" username="admin" password="admin" brokerURL="tcp://DESKTOP-9IBN3CT:61616" validateConnections="true" doc:name="Active MQ"/>
    <http:listener-config name="HTTP_Listener_Configuration" host="0.0.0.0" port="8081" doc:name="HTTP Listener Configuration"/>
    <flow name="krithikmulemailexceptionFlow">
        <http:listener config-ref="HTTP_Listener_Configuration" path="/getValue" allowedMethods="POST" doc:name="HTTP"/>
        <object-to-string-transformer doc:name="Object to String"/>
        <http:request config-ref="HTTP_Request_Configuration" path="/test" method="GET" doc:name="HTTP"/>
        <exception-strategy ref="choice_Exception_Strategy" doc:name="Reference Exception Strategy"/>
    </flow>
    <flow name="jms_Flow">
        <poll doc:name="Poll">
            <logger message="Check JMS status" level="INFO" doc:name="Logger"/>
        </poll>
        <jms:outbound-endpoint queue="sslqueu" connector-ref="Active_MQ" doc:name="JMS"/>
        <exception-strategy ref="rollback_Exception_Strategy" doc:name="Reference Exception Strategy"/>
    </flow>
</mule>
